"GEO_ID","GEO_ID_F","NAME","NAICS2017","NAICS2017_LABEL","NAICS2017_F","EMPSZFE","EMPSZFE_LABEL","YEAR","ESTAB"
"id","Geo Footnote","Geographic Area Name","2017 NAICS code","Meaning of NAICS code","2017 NAICS Footnote","Employment size of establishments code","Meaning of Employment size of establishments code","Year","Number of establishments"
"0400000US01","null","Alabama","31-33","Manufacturing","null","001","All establishments","2017","4133"
"0400000US01","null","Alabama","31-33","Manufacturing","null","100","Establishments operated for the entire year","2017","4101"
"0400000US01","null","Alabama","31-33","Manufacturing","null","210","Establishments operated entire year with less than 5 employees","2017","1657"
"0400000US01","null","Alabama","31-33","Manufacturing","null","215","Establishments operated entire year with 5 to 9 employees","2017","474"
"0400000US01","null","Alabama","31-33","Manufacturing","null","220","Establishments operated entire year with 10 to 19 employees","2017","480"
"0400000US01","null","Alabama","31-33","Manufacturing","null","225","Establishments operated entire year with 20 to 49 employees","2017","601"
"0400000US01","null","Alabama","31-33","Manufacturing","null","230","Establishments operated entire year with 50 to 99 employees","2017","341"
"0400000US01","null","Alabama","31-33","Manufacturing","null","235","Establishments operated entire year with 100 to 249 employees","2017","318"
"0400000US01","null","Alabama","31-33","Manufacturing","null","240","Establishments operated entire year with 250 employees or more","2017","230"
"0400000US01","null","Alabama","31-33","Manufacturing","null","500","Establishments not operated for the entire year","2017","32"
"0400000US02","null","Alaska","31-33","Manufacturing","null","001","All establishments","2017","535"
"0400000US02","null","Alaska","31-33","Manufacturing","null","100","Establishments operated for the entire year","2017","486"
"0400000US02","null","Alaska","31-33","Manufacturing","null","210","Establishments operated entire year with less than 5 employees","2017","270"
"0400000US02","null","Alaska","31-33","Manufacturing","null","215","Establishments operated entire year with 5 to 9 employees","2017","85"
"0400000US02","null","Alaska","31-33","Manufacturing","null","220","Establishments operated entire year with 10 to 19 employees","2017","56"
"0400000US02","null","Alaska","31-33","Manufacturing","null","225","Establishments operated entire year with 20 to 49 employees","2017","45"
"0400000US02","null","Alaska","31-33","Manufacturing","null","230","Establishments operated entire year with 50 to 99 employees","2017","8"
"0400000US02","null","Alaska","31-33","Manufacturing","null","235","Establishments operated entire year with 100 to 249 employees","2017","12"
"0400000US02","null","Alaska","31-33","Manufacturing","null","240","Establishments operated entire year with 250 employees or more","2017","10"
"0400000US02","null","Alaska","31-33","Manufacturing","null","500","Establishments not operated for the entire year","2017","49"
"0400000US04","null","Arizona","31-33","Manufacturing","null","001","All establishments","2017","4343"
"0400000US04","null","Arizona","31-33","Manufacturing","null","100","Establishments operated for the entire year","2017","4302"
"0400000US04","null","Arizona","31-33","Manufacturing","null","210","Establishments operated entire year with less than 5 employees","2017","2057"
"0400000US04","null","Arizona","31-33","Manufacturing","null","215","Establishments operated entire year with 5 to 9 employees","2017","598"
"0400000US04","null","Arizona","31-33","Manufacturing","null","220","Establishments operated entire year with 10 to 19 employees","2017","562"
"0400000US04","null","Arizona","31-33","Manufacturing","null","225","Establishments operated entire year with 20 to 49 employees","2017","549"
"0400000US04","null","Arizona","31-33","Manufacturing","null","230","Establishments operated entire year with 50 to 99 employees","2017","279"
"0400000US04","null","Arizona","31-33","Manufacturing","null","235","Establishments operated entire year with 100 to 249 employees","2017","168"
"0400000US04","null","Arizona","31-33","Manufacturing","null","240","Establishments operated entire year with 250 employees or more","2017","89"
"0400000US04","null","Arizona","31-33","Manufacturing","null","500","Establishments not operated for the entire year","2017","41"
"0400000US05","null","Arkansas","31-33","Manufacturing","null","001","All establishments","2017","2571"
"0400000US05","null","Arkansas","31-33","Manufacturing","null","100","Establishments operated for the entire year","2017","2543"
"0400000US05","null","Arkansas","31-33","Manufacturing","null","210","Establishments operated entire year with less than 5 employees","2017","1099"
"0400000US05","null","Arkansas","31-33","Manufacturing","null","215","Establishments operated entire year with 5 to 9 employees","2017","331"
"0400000US05","null","Arkansas","31-33","Manufacturing","null","220","Establishments operated entire year with 10 to 19 employees","2017","285"
"0400000US05","null","Arkansas","31-33","Manufacturing","null","225","Establishments operated entire year with 20 to 49 employees","2017","332"
"0400000US05","null","Arkansas","31-33","Manufacturing","null","230","Establishments operated entire year with 50 to 99 employees","2017","172"
"0400000US05","null","Arkansas","31-33","Manufacturing","null","235","Establishments operated entire year with 100 to 249 employees","2017","177"
"0400000US05","null","Arkansas","31-33","Manufacturing","null","240","Establishments operated entire year with 250 employees or more","2017","147"
"0400000US05","null","Arkansas","31-33","Manufacturing","null","500","Establishments not operated for the entire year","2017","28"
"0400000US06","null","California","31-33","Manufacturing","null","001","All establishments","2017","37887"
"0400000US06","null","California","31-33","Manufacturing","null","100","Establishments operated for the entire year","2017","37564"
"0400000US06","null","California","31-33","Manufacturing","null","210","Establishments operated entire year with less than 5 employees","2017","18437"
"0400000US06","null","California","31-33","Manufacturing","null","215","Establishments operated entire year with 5 to 9 employees","2017","5066"
"0400000US06","null","California","31-33","Manufacturing","null","220","Establishments operated entire year with 10 to 19 employees","2017","4701"
"0400000US06","null","California","31-33","Manufacturing","null","225","Establishments operated entire year with 20 to 49 employees","2017","4799"
"0400000US06","null","California","31-33","Manufacturing","null","230","Establishments operated entire year with 50 to 99 employees","2017","2214"
"0400000US06","null","California","31-33","Manufacturing","null","235","Establishments operated entire year with 100 to 249 employees","2017","1630"
"0400000US06","null","California","31-33","Manufacturing","null","240","Establishments operated entire year with 250 employees or more","2017","717"
"0400000US06","null","California","31-33","Manufacturing","null","500","Establishments not operated for the entire year","2017","323"
"0400000US08","null","Colorado","31-33","Manufacturing","null","001","All establishments","2017","5111"
"0400000US08","null","Colorado","31-33","Manufacturing","null","100","Establishments operated for the entire year","2017","5051"
"0400000US08","null","Colorado","31-33","Manufacturing","null","210","Establishments operated entire year with less than 5 employees","2017","2674"
"0400000US08","null","Colorado","31-33","Manufacturing","null","215","Establishments operated entire year with 5 to 9 employees","2017","697"
"0400000US08","null","Colorado","31-33","Manufacturing","null","220","Establishments operated entire year with 10 to 19 employees","2017","623"
"0400000US08","null","Colorado","31-33","Manufacturing","null","225","Establishments operated entire year with 20 to 49 employees","2017","595"
"0400000US08","null","Colorado","31-33","Manufacturing","null","230","Establishments operated entire year with 50 to 99 employees","2017","235"
"0400000US08","null","Colorado","31-33","Manufacturing","null","235","Establishments operated entire year with 100 to 249 employees","2017","154"
"0400000US08","null","Colorado","31-33","Manufacturing","null","240","Establishments operated entire year with 250 employees or more","2017","73"
"0400000US08","null","Colorado","31-33","Manufacturing","null","500","Establishments not operated for the entire year","2017","60"
"0400000US09","null","Connecticut","31-33","Manufacturing","null","001","All establishments","2017","3986"
"0400000US09","null","Connecticut","31-33","Manufacturing","null","100","Establishments operated for the entire year","2017","3950"
"0400000US09","null","Connecticut","31-33","Manufacturing","null","210","Establishments operated entire year with less than 5 employees","2017","1680"
"0400000US09","null","Connecticut","31-33","Manufacturing","null","215","Establishments operated entire year with 5 to 9 employees","2017","511"
"0400000US09","null","Connecticut","31-33","Manufacturing","null","220","Establishments operated entire year with 10 to 19 employees","2017","564"
"0400000US09","null","Connecticut","31-33","Manufacturing","null","225","Establishments operated entire year with 20 to 49 employees","2017","593"
"0400000US09","null","Connecticut","31-33","Manufacturing","null","230","Establishments operated entire year with 50 to 99 employees","2017","315"
"0400000US09","null","Connecticut","31-33","Manufacturing","null","235","Establishments operated entire year with 100 to 249 employees","2017","217"
"0400000US09","null","Connecticut","31-33","Manufacturing","null","240","Establishments operated entire year with 250 employees or more","2017","70"
"0400000US09","null","Connecticut","31-33","Manufacturing","null","500","Establishments not operated for the entire year","2017","36"
"0400000US10","null","Delaware","31-33","Manufacturing","null","001","All establishments","2017","558"
"0400000US10","null","Delaware","31-33","Manufacturing","null","100","Establishments operated for the entire year","2017","548"
"0400000US10","null","Delaware","31-33","Manufacturing","null","210","Establishments operated entire year with less than 5 employees","2017","245"
"0400000US10","null","Delaware","31-33","Manufacturing","null","215","Establishments operated entire year with 5 to 9 employees","2017","72"
"0400000US10","null","Delaware","31-33","Manufacturing","null","220","Establishments operated entire year with 10 to 19 employees","2017","65"
"0400000US10","null","Delaware","31-33","Manufacturing","null","225","Establishments operated entire year with 20 to 49 employees","2017","81"
"0400000US10","null","Delaware","31-33","Manufacturing","null","230","Establishments operated entire year with 50 to 99 employees","2017","34"
"0400000US10","null","Delaware","31-33","Manufacturing","null","235","Establishments operated entire year with 100 to 249 employees","2017","29"
"0400000US10","null","Delaware","31-33","Manufacturing","null","240","Establishments operated entire year with 250 employees or more","2017","22"
"0400000US10","null","Delaware","31-33","Manufacturing","null","500","Establishments not operated for the entire year","2017","10"
"0400000US11","null","District of Columbia","31-33","Manufacturing","null","001","All establishments","2017","113"
"0400000US11","null","District of Columbia","31-33","Manufacturing","null","100","Establishments operated for the entire year","2017","109"
"0400000US11","null","District of Columbia","31-33","Manufacturing","null","210","Establishments operated entire year with less than 5 employees","2017","65"
"0400000US11","null","District of Columbia","31-33","Manufacturing","null","215","Establishments operated entire year with 5 to 9 employees","2017","20"
"0400000US11","null","District of Columbia","31-33","Manufacturing","null","220","Establishments operated entire year with 10 to 19 employees","2017","10"
"0400000US11","null","District of Columbia","31-33","Manufacturing","null","225","Establishments operated entire year with 20 to 49 employees","2017","10"
"0400000US11","null","District of Columbia","31-33","Manufacturing","null","230","Establishments operated entire year with 50 to 99 employees","2017","3"
"0400000US11","null","District of Columbia","31-33","Manufacturing","null","500","Establishments not operated for the entire year","2017","4"
"0400000US12","null","Florida","31-33","Manufacturing","null","001","All establishments","2017","13471"
"0400000US12","null","Florida","31-33","Manufacturing","null","100","Establishments operated for the entire year","2017","13345"
"0400000US12","null","Florida","31-33","Manufacturing","null","210","Establishments operated entire year with less than 5 employees","2017","7810"
"0400000US12","null","Florida","31-33","Manufacturing","null","215","Establishments operated entire year with 5 to 9 employees","2017","1578"
"0400000US12","null","Florida","31-33","Manufacturing","null","220","Establishments operated entire year with 10 to 19 employees","2017","1476"
"0400000US12","null","Florida","31-33","Manufacturing","null","225","Establishments operated entire year with 20 to 49 employees","2017","1303"
"0400000US12","null","Florida","31-33","Manufacturing","null","230","Establishments operated entire year with 50 to 99 employees","2017","547"
"0400000US12","null","Florida","31-33","Manufacturing","null","235","Establishments operated entire year with 100 to 249 employees","2017","443"
"0400000US12","null","Florida","31-33","Manufacturing","null","240","Establishments operated entire year with 250 employees or more","2017","188"
"0400000US12","null","Florida","31-33","Manufacturing","null","500","Establishments not operated for the entire year","2017","126"
"0400000US13","null","Georgia","31-33","Manufacturing","null","001","All establishments","2017","7510"
"0400000US13","null","Georgia","31-33","Manufacturing","null","100","Establishments operated for the entire year","2017","7440"
"0400000US13","null","Georgia","31-33","Manufacturing","null","210","Establishments operated entire year with less than 5 employees","2017","3197"
"0400000US13","null","Georgia","31-33","Manufacturing","null","215","Establishments operated entire year with 5 to 9 employees","2017","903"
"0400000US13","null","Georgia","31-33","Manufacturing","null","220","Establishments operated entire year with 10 to 19 employees","2017","895"
"0400000US13","null","Georgia","31-33","Manufacturing","null","225","Establishments operated entire year with 20 to 49 employees","2017","1028"
"0400000US13","null","Georgia","31-33","Manufacturing","null","230","Establishments operated entire year with 50 to 99 employees","2017","555"
"0400000US13","null","Georgia","31-33","Manufacturing","null","235","Establishments operated entire year with 100 to 249 employees","2017","545"
"0400000US13","null","Georgia","31-33","Manufacturing","null","240","Establishments operated entire year with 250 employees or more","2017","317"
"0400000US13","null","Georgia","31-33","Manufacturing","null","500","Establishments not operated for the entire year","2017","70"
"0400000US15","null","Hawaii","31-33","Manufacturing","null","001","All establishments","2017","783"
"0400000US15","null","Hawaii","31-33","Manufacturing","null","100","Establishments operated for the entire year","2017","772"
"0400000US15","null","Hawaii","31-33","Manufacturing","null","210","Establishments operated entire year with less than 5 employees","2017","424"
"0400000US15","null","Hawaii","31-33","Manufacturing","null","215","Establishments operated entire year with 5 to 9 employees","2017","122"
"0400000US15","null","Hawaii","31-33","Manufacturing","null","220","Establishments operated entire year with 10 to 19 employees","2017","80"
"0400000US15","null","Hawaii","31-33","Manufacturing","null","225","Establishments operated entire year with 20 to 49 employees","2017","84"
"0400000US15","null","Hawaii","31-33","Manufacturing","null","230","Establishments operated entire year with 50 to 99 employees","2017","36"
"0400000US15","null","Hawaii","31-33","Manufacturing","null","235","Establishments operated entire year with 100 to 249 employees","2017","23"
"0400000US15","null","Hawaii","31-33","Manufacturing","null","240","Establishments operated entire year with 250 employees or more","2017","3"
"0400000US15","null","Hawaii","31-33","Manufacturing","null","500","Establishments not operated for the entire year","2017","11"
"0400000US16","null","Idaho","31-33","Manufacturing","null","001","All establishments","2017","1877"
"0400000US16","null","Idaho","31-33","Manufacturing","null","100","Establishments operated for the entire year","2017","1850"
"0400000US16","null","Idaho","31-33","Manufacturing","null","210","Establishments operated entire year with less than 5 employees","2017","939"
"0400000US16","null","Idaho","31-33","Manufacturing","null","215","Establishments operated entire year with 5 to 9 employees","2017","258"
"0400000US16","null","Idaho","31-33","Manufacturing","null","220","Establishments operated entire year with 10 to 19 employees","2017","212"
"0400000US16","null","Idaho","31-33","Manufacturing","null","225","Establishments operated entire year with 20 to 49 employees","2017","216"
"0400000US16","null","Idaho","31-33","Manufacturing","null","230","Establishments operated entire year with 50 to 99 employees","2017","105"
"0400000US16","null","Idaho","31-33","Manufacturing","null","235","Establishments operated entire year with 100 to 249 employees","2017","72"
"0400000US16","null","Idaho","31-33","Manufacturing","null","240","Establishments operated entire year with 250 employees or more","2017","48"
"0400000US16","null","Idaho","31-33","Manufacturing","null","500","Establishments not operated for the entire year","2017","27"
"0400000US17","null","Illinois","31-33","Manufacturing","null","001","All establishments","2017","13162"
"0400000US17","null","Illinois","31-33","Manufacturing","null","100","Establishments operated for the entire year","2017","13048"
"0400000US17","null","Illinois","31-33","Manufacturing","null","210","Establishments operated entire year with less than 5 employees","2017","5479"
"0400000US17","null","Illinois","31-33","Manufacturing","null","215","Establishments operated entire year with 5 to 9 employees","2017","1568"
"0400000US17","null","Illinois","31-33","Manufacturing","null","220","Establishments operated entire year with 10 to 19 employees","2017","1721"
"0400000US17","null","Illinois","31-33","Manufacturing","null","225","Establishments operated entire year with 20 to 49 employees","2017","1974"
"0400000US17","null","Illinois","31-33","Manufacturing","null","230","Establishments operated entire year with 50 to 99 employees","2017","1090"
"0400000US17","null","Illinois","31-33","Manufacturing","null","235","Establishments operated entire year with 100 to 249 employees","2017","833"
"0400000US17","null","Illinois","31-33","Manufacturing","null","240","Establishments operated entire year with 250 employees or more","2017","383"
"0400000US17","null","Illinois","31-33","Manufacturing","null","500","Establishments not operated for the entire year","2017","114"
"0400000US18","null","Indiana","31-33","Manufacturing","null","001","All establishments","2017","8064"
"0400000US18","null","Indiana","31-33","Manufacturing","null","100","Establishments operated for the entire year","2017","7984"
"0400000US18","null","Indiana","31-33","Manufacturing","null","210","Establishments operated entire year with less than 5 employees","2017","2868"
"0400000US18","null","Indiana","31-33","Manufacturing","null","215","Establishments operated entire year with 5 to 9 employees","2017","941"
"0400000US18","null","Indiana","31-33","Manufacturing","null","220","Establishments operated entire year with 10 to 19 employees","2017","1017"
"0400000US18","null","Indiana","31-33","Manufacturing","null","225","Establishments operated entire year with 20 to 49 employees","2017","1295"
"0400000US18","null","Indiana","31-33","Manufacturing","null","230","Establishments operated entire year with 50 to 99 employees","2017","789"
"0400000US18","null","Indiana","31-33","Manufacturing","null","235","Establishments operated entire year with 100 to 249 employees","2017","673"
"0400000US18","null","Indiana","31-33","Manufacturing","null","240","Establishments operated entire year with 250 employees or more","2017","401"
"0400000US18","null","Indiana","31-33","Manufacturing","null","500","Establishments not operated for the entire year","2017","80"
"0400000US19","null","Iowa","31-33","Manufacturing","null","001","All establishments","2017","3489"
"0400000US19","null","Iowa","31-33","Manufacturing","null","100","Establishments operated for the entire year","2017","3429"
"0400000US19","null","Iowa","31-33","Manufacturing","null","210","Establishments operated entire year with less than 5 employees","2017","1374"
"0400000US19","null","Iowa","31-33","Manufacturing","null","215","Establishments operated entire year with 5 to 9 employees","2017","394"
"0400000US19","null","Iowa","31-33","Manufacturing","null","220","Establishments operated entire year with 10 to 19 employees","2017","440"
"0400000US19","null","Iowa","31-33","Manufacturing","null","225","Establishments operated entire year with 20 to 49 employees","2017","503"
"0400000US19","null","Iowa","31-33","Manufacturing","null","230","Establishments operated entire year with 50 to 99 employees","2017","290"
"0400000US19","null","Iowa","31-33","Manufacturing","null","235","Establishments operated entire year with 100 to 249 employees","2017","252"
"0400000US19","null","Iowa","31-33","Manufacturing","null","240","Establishments operated entire year with 250 employees or more","2017","176"
"0400000US19","null","Iowa","31-33","Manufacturing","null","500","Establishments not operated for the entire year","2017","60"
"0400000US20","null","Kansas","31-33","Manufacturing","null","001","All establishments","2017","2760"
"0400000US20","null","Kansas","31-33","Manufacturing","null","100","Establishments operated for the entire year","2017","2736"
"0400000US20","null","Kansas","31-33","Manufacturing","null","210","Establishments operated entire year with less than 5 employees","2017","1061"
"0400000US20","null","Kansas","31-33","Manufacturing","null","215","Establishments operated entire year with 5 to 9 employees","2017","350"
"0400000US20","null","Kansas","31-33","Manufacturing","null","220","Establishments operated entire year with 10 to 19 employees","2017","353"
"0400000US20","null","Kansas","31-33","Manufacturing","null","225","Establishments operated entire year with 20 to 49 employees","2017","435"
"0400000US20","null","Kansas","31-33","Manufacturing","null","230","Establishments operated entire year with 50 to 99 employees","2017","237"
"0400000US20","null","Kansas","31-33","Manufacturing","null","235","Establishments operated entire year with 100 to 249 employees","2017","192"
"0400000US20","null","Kansas","31-33","Manufacturing","null","240","Establishments operated entire year with 250 employees or more","2017","108"
"0400000US20","null","Kansas","31-33","Manufacturing","null","500","Establishments not operated for the entire year","2017","24"
"0400000US21","null","Kentucky","31-33","Manufacturing","null","001","All establishments","2017","3699"
"0400000US21","null","Kentucky","31-33","Manufacturing","null","100","Establishments operated for the entire year","2017","3624"
"0400000US21","null","Kentucky","31-33","Manufacturing","null","210","Establishments operated entire year with less than 5 employees","2017","1349"
"0400000US21","null","Kentucky","31-33","Manufacturing","null","215","Establishments operated entire year with 5 to 9 employees","2017","422"
"0400000US21","null","Kentucky","31-33","Manufacturing","null","220","Establishments operated entire year with 10 to 19 employees","2017","464"
"0400000US21","null","Kentucky","31-33","Manufacturing","null","225","Establishments operated entire year with 20 to 49 employees","2017","514"
"0400000US21","null","Kentucky","31-33","Manufacturing","null","230","Establishments operated entire year with 50 to 99 employees","2017","346"
"0400000US21","null","Kentucky","31-33","Manufacturing","null","235","Establishments operated entire year with 100 to 249 employees","2017","310"
"0400000US21","null","Kentucky","31-33","Manufacturing","null","240","Establishments operated entire year with 250 employees or more","2017","219"
"0400000US21","null","Kentucky","31-33","Manufacturing","null","500","Establishments not operated for the entire year","2017","75"
"0400000US22","null","Louisiana","31-33","Manufacturing","null","001","All establishments","2017","3190"
"0400000US22","null","Louisiana","31-33","Manufacturing","null","100","Establishments operated for the entire year","2017","3157"
"0400000US22","null","Louisiana","31-33","Manufacturing","null","210","Establishments operated entire year with less than 5 employees","2017","1337"
"0400000US22","null","Louisiana","31-33","Manufacturing","null","215","Establishments operated entire year with 5 to 9 employees","2017","449"
"0400000US22","null","Louisiana","31-33","Manufacturing","null","220","Establishments operated entire year with 10 to 19 employees","2017","449"
"0400000US22","null","Louisiana","31-33","Manufacturing","null","225","Establishments operated entire year with 20 to 49 employees","2017","437"
"0400000US22","null","Louisiana","31-33","Manufacturing","null","230","Establishments operated entire year with 50 to 99 employees","2017","212"
"0400000US22","null","Louisiana","31-33","Manufacturing","null","235","Establishments operated entire year with 100 to 249 employees","2017","175"
"0400000US22","null","Louisiana","31-33","Manufacturing","null","240","Establishments operated entire year with 250 employees or more","2017","98"
"0400000US22","null","Louisiana","31-33","Manufacturing","null","500","Establishments not operated for the entire year","2017","33"
"0400000US23","null","Maine","31-33","Manufacturing","null","001","All establishments","2017","1691"
"0400000US23","null","Maine","31-33","Manufacturing","null","100","Establishments operated for the entire year","2017","1670"
"0400000US23","null","Maine","31-33","Manufacturing","null","210","Establishments operated entire year with less than 5 employees","2017","869"
"0400000US23","null","Maine","31-33","Manufacturing","null","215","Establishments operated entire year with 5 to 9 employees","2017","242"
"0400000US23","null","Maine","31-33","Manufacturing","null","220","Establishments operated entire year with 10 to 19 employees","2017","188"
"0400000US23","null","Maine","31-33","Manufacturing","null","225","Establishments operated entire year with 20 to 49 employees","2017","174"
"0400000US23","null","Maine","31-33","Manufacturing","null","230","Establishments operated entire year with 50 to 99 employees","2017","98"
"0400000US23","null","Maine","31-33","Manufacturing","null","235","Establishments operated entire year with 100 to 249 employees","2017","62"
"0400000US23","null","Maine","31-33","Manufacturing","null","240","Establishments operated entire year with 250 employees or more","2017","37"
"0400000US23","null","Maine","31-33","Manufacturing","null","500","Establishments not operated for the entire year","2017","21"
"0400000US24","null","Maryland","31-33","Manufacturing","null","001","All establishments","2017","2967"
"0400000US24","null","Maryland","31-33","Manufacturing","null","100","Establishments operated for the entire year","2017","2922"
"0400000US24","null","Maryland","31-33","Manufacturing","null","210","Establishments operated entire year with less than 5 employees","2017","1367"
"0400000US24","null","Maryland","31-33","Manufacturing","null","215","Establishments operated entire year with 5 to 9 employees","2017","404"
"0400000US24","null","Maryland","31-33","Manufacturing","null","220","Establishments operated entire year with 10 to 19 employees","2017","384"
"0400000US24","null","Maryland","31-33","Manufacturing","null","225","Establishments operated entire year with 20 to 49 employees","2017","371"
"0400000US24","null","Maryland","31-33","Manufacturing","null","230","Establishments operated entire year with 50 to 99 employees","2017","189"
"0400000US24","null","Maryland","31-33","Manufacturing","null","235","Establishments operated entire year with 100 to 249 employees","2017","144"
"0400000US24","null","Maryland","31-33","Manufacturing","null","240","Establishments operated entire year with 250 employees or more","2017","63"
"0400000US24","null","Maryland","31-33","Manufacturing","null","500","Establishments not operated for the entire year","2017","45"
"0400000US25","null","Massachusetts","31-33","Manufacturing","null","001","All establishments","2017","6437"
"0400000US25","null","Massachusetts","31-33","Manufacturing","null","100","Establishments operated for the entire year","2017","6372"
"0400000US25","null","Massachusetts","31-33","Manufacturing","null","210","Establishments operated entire year with less than 5 employees","2017","2686"
"0400000US25","null","Massachusetts","31-33","Manufacturing","null","215","Establishments operated entire year with 5 to 9 employees","2017","863"
"0400000US25","null","Massachusetts","31-33","Manufacturing","null","220","Establishments operated entire year with 10 to 19 employees","2017","828"
"0400000US25","null","Massachusetts","31-33","Manufacturing","null","225","Establishments operated entire year with 20 to 49 employees","2017","1008"
"0400000US25","null","Massachusetts","31-33","Manufacturing","null","230","Establishments operated entire year with 50 to 99 employees","2017","486"
"0400000US25","null","Massachusetts","31-33","Manufacturing","null","235","Establishments operated entire year with 100 to 249 employees","2017","347"
"0400000US25","null","Massachusetts","31-33","Manufacturing","null","240","Establishments operated entire year with 250 employees or more","2017","154"
"0400000US25","null","Massachusetts","31-33","Manufacturing","null","500","Establishments not operated for the entire year","2017","65"
"0400000US26","null","Michigan","31-33","Manufacturing","null","001","All establishments","2017","12418"
"0400000US26","null","Michigan","31-33","Manufacturing","null","100","Establishments operated for the entire year","2017","12301"
"0400000US26","null","Michigan","31-33","Manufacturing","null","210","Establishments operated entire year with less than 5 employees","2017","4889"
"0400000US26","null","Michigan","31-33","Manufacturing","null","215","Establishments operated entire year with 5 to 9 employees","2017","1508"
"0400000US26","null","Michigan","31-33","Manufacturing","null","220","Establishments operated entire year with 10 to 19 employees","2017","1668"
"0400000US26","null","Michigan","31-33","Manufacturing","null","225","Establishments operated entire year with 20 to 49 employees","2017","1896"
"0400000US26","null","Michigan","31-33","Manufacturing","null","230","Establishments operated entire year with 50 to 99 employees","2017","1043"
"0400000US26","null","Michigan","31-33","Manufacturing","null","235","Establishments operated entire year with 100 to 249 employees","2017","857"
"0400000US26","null","Michigan","31-33","Manufacturing","null","240","Establishments operated entire year with 250 employees or more","2017","440"
"0400000US26","null","Michigan","31-33","Manufacturing","null","500","Establishments not operated for the entire year","2017","117"
"0400000US27","null","Minnesota","31-33","Manufacturing","null","001","All establishments","2017","7198"
"0400000US27","null","Minnesota","31-33","Manufacturing","null","100","Establishments operated for the entire year","2017","7099"
"0400000US27","null","Minnesota","31-33","Manufacturing","null","210","Establishments operated entire year with less than 5 employees","2017","3071"
"0400000US27","null","Minnesota","31-33","Manufacturing","null","215","Establishments operated entire year with 5 to 9 employees","2017","796"
"0400000US27","null","Minnesota","31-33","Manufacturing","null","220","Establishments operated entire year with 10 to 19 employees","2017","925"
"0400000US27","null","Minnesota","31-33","Manufacturing","null","225","Establishments operated entire year with 20 to 49 employees","2017","1065"
"0400000US27","null","Minnesota","31-33","Manufacturing","null","230","Establishments operated entire year with 50 to 99 employees","2017","560"
"0400000US27","null","Minnesota","31-33","Manufacturing","null","235","Establishments operated entire year with 100 to 249 employees","2017","439"
"0400000US27","null","Minnesota","31-33","Manufacturing","null","240","Establishments operated entire year with 250 employees or more","2017","243"
"0400000US27","null","Minnesota","31-33","Manufacturing","null","500","Establishments not operated for the entire year","2017","99"
"0400000US28","null","Mississippi","31-33","Manufacturing","null","001","All establishments","2017","2142"
"0400000US28","null","Mississippi","31-33","Manufacturing","null","100","Establishments operated for the entire year","2017","2120"
"0400000US28","null","Mississippi","31-33","Manufacturing","null","210","Establishments operated entire year with less than 5 employees","2017","863"
"0400000US28","null","Mississippi","31-33","Manufacturing","null","215","Establishments operated entire year with 5 to 9 employees","2017","237"
"0400000US28","null","Mississippi","31-33","Manufacturing","null","220","Establishments operated entire year with 10 to 19 employees","2017","237"
"0400000US28","null","Mississippi","31-33","Manufacturing","null","225","Establishments operated entire year with 20 to 49 employees","2017","297"
"0400000US28","null","Mississippi","31-33","Manufacturing","null","230","Establishments operated entire year with 50 to 99 employees","2017","195"
"0400000US28","null","Mississippi","31-33","Manufacturing","null","235","Establishments operated entire year with 100 to 249 employees","2017","191"
"0400000US28","null","Mississippi","31-33","Manufacturing","null","240","Establishments operated entire year with 250 employees or more","2017","100"
"0400000US28","null","Mississippi","31-33","Manufacturing","null","500","Establishments not operated for the entire year","2017","22"
"0400000US29","null","Missouri","31-33","Manufacturing","null","001","All establishments","2017","5797"
"0400000US29","null","Missouri","31-33","Manufacturing","null","100","Establishments operated for the entire year","2017","5745"
"0400000US29","null","Missouri","31-33","Manufacturing","null","210","Establishments operated entire year with less than 5 employees","2017","2597"
"0400000US29","null","Missouri","31-33","Manufacturing","null","215","Establishments operated entire year with 5 to 9 employees","2017","678"
"0400000US29","null","Missouri","31-33","Manufacturing","null","220","Establishments operated entire year with 10 to 19 employees","2017","726"
"0400000US29","null","Missouri","31-33","Manufacturing","null","225","Establishments operated entire year with 20 to 49 employees","2017","790"
"0400000US29","null","Missouri","31-33","Manufacturing","null","230","Establishments operated entire year with 50 to 99 employees","2017","400"
"0400000US29","null","Missouri","31-33","Manufacturing","null","235","Establishments operated entire year with 100 to 249 employees","2017","354"
"0400000US29","null","Missouri","31-33","Manufacturing","null","240","Establishments operated entire year with 250 employees or more","2017","200"
"0400000US29","null","Missouri","31-33","Manufacturing","null","500","Establishments not operated for the entire year","2017","52"
"0400000US30","null","Montana","31-33","Manufacturing","null","001","All establishments","2017","1328"
"0400000US30","null","Montana","31-33","Manufacturing","null","100","Establishments operated for the entire year","2017","1307"
"0400000US30","null","Montana","31-33","Manufacturing","null","210","Establishments operated entire year with less than 5 employees","2017","740"
"0400000US30","null","Montana","31-33","Manufacturing","null","215","Establishments operated entire year with 5 to 9 employees","2017","197"
"0400000US30","null","Montana","31-33","Manufacturing","null","220","Establishments operated entire year with 10 to 19 employees","2017","171"
"0400000US30","null","Montana","31-33","Manufacturing","null","225","Establishments operated entire year with 20 to 49 employees","2017","126"
"0400000US30","null","Montana","31-33","Manufacturing","null","230","Establishments operated entire year with 50 to 99 employees","2017","37"
"0400000US30","null","Montana","31-33","Manufacturing","null","235","Establishments operated entire year with 100 to 249 employees","2017","31"
"0400000US30","null","Montana","31-33","Manufacturing","null","240","Establishments operated entire year with 250 employees or more","2017","5"
"0400000US30","null","Montana","31-33","Manufacturing","null","500","Establishments not operated for the entire year","2017","21"
"0400000US31","null","Nebraska","31-33","Manufacturing","null","001","All establishments","2017","1760"
"0400000US31","null","Nebraska","31-33","Manufacturing","null","100","Establishments operated for the entire year","2017","1747"
"0400000US31","null","Nebraska","31-33","Manufacturing","null","210","Establishments operated entire year with less than 5 employees","2017","748"
"0400000US31","null","Nebraska","31-33","Manufacturing","null","215","Establishments operated entire year with 5 to 9 employees","2017","217"
"0400000US31","null","Nebraska","31-33","Manufacturing","null","220","Establishments operated entire year with 10 to 19 employees","2017","207"
"0400000US31","null","Nebraska","31-33","Manufacturing","null","225","Establishments operated entire year with 20 to 49 employees","2017","259"
"0400000US31","null","Nebraska","31-33","Manufacturing","null","230","Establishments operated entire year with 50 to 99 employees","2017","134"
"0400000US31","null","Nebraska","31-33","Manufacturing","null","235","Establishments operated entire year with 100 to 249 employees","2017","104"
"0400000US31","null","Nebraska","31-33","Manufacturing","null","240","Establishments operated entire year with 250 employees or more","2017","78"
"0400000US31","null","Nebraska","31-33","Manufacturing","null","500","Establishments not operated for the entire year","2017","13"
"0400000US32","null","Nevada","31-33","Manufacturing","null","001","All establishments","2017","1828"
"0400000US32","null","Nevada","31-33","Manufacturing","null","100","Establishments operated for the entire year","2017","1804"
"0400000US32","null","Nevada","31-33","Manufacturing","null","210","Establishments operated entire year with less than 5 employees","2017","854"
"0400000US32","null","Nevada","31-33","Manufacturing","null","215","Establishments operated entire year with 5 to 9 employees","2017","268"
"0400000US32","null","Nevada","31-33","Manufacturing","null","220","Establishments operated entire year with 10 to 19 employees","2017","231"
"0400000US32","null","Nevada","31-33","Manufacturing","null","225","Establishments operated entire year with 20 to 49 employees","2017","251"
"0400000US32","null","Nevada","31-33","Manufacturing","null","230","Establishments operated entire year with 50 to 99 employees","2017","107"
"0400000US32","null","Nevada","31-33","Manufacturing","null","235","Establishments operated entire year with 100 to 249 employees","2017","78"
"0400000US32","null","Nevada","31-33","Manufacturing","null","240","Establishments operated entire year with 250 employees or more","2017","15"
"0400000US32","null","Nevada","31-33","Manufacturing","null","500","Establishments not operated for the entire year","2017","24"
"0400000US33","null","New Hampshire","31-33","Manufacturing","null","001","All establishments","2017","1790"
"0400000US33","null","New Hampshire","31-33","Manufacturing","null","100","Establishments operated for the entire year","2017","1772"
"0400000US33","null","New Hampshire","31-33","Manufacturing","null","210","Establishments operated entire year with less than 5 employees","2017","753"
"0400000US33","null","New Hampshire","31-33","Manufacturing","null","215","Establishments operated entire year with 5 to 9 employees","2017","232"
"0400000US33","null","New Hampshire","31-33","Manufacturing","null","220","Establishments operated entire year with 10 to 19 employees","2017","235"
"0400000US33","null","New Hampshire","31-33","Manufacturing","null","225","Establishments operated entire year with 20 to 49 employees","2017","261"
"0400000US33","null","New Hampshire","31-33","Manufacturing","null","230","Establishments operated entire year with 50 to 99 employees","2017","149"
"0400000US33","null","New Hampshire","31-33","Manufacturing","null","235","Establishments operated entire year with 100 to 249 employees","2017","92"
"0400000US33","null","New Hampshire","31-33","Manufacturing","null","240","Establishments operated entire year with 250 employees or more","2017","50"
"0400000US33","null","New Hampshire","31-33","Manufacturing","null","500","Establishments not operated for the entire year","2017","18"
"0400000US34","null","New Jersey","31-33","Manufacturing","null","001","All establishments","2017","7332"
"0400000US34","null","New Jersey","31-33","Manufacturing","null","100","Establishments operated for the entire year","2017","7252"
"0400000US34","null","New Jersey","31-33","Manufacturing","null","210","Establishments operated entire year with less than 5 employees","2017","3265"
"0400000US34","null","New Jersey","31-33","Manufacturing","null","215","Establishments operated entire year with 5 to 9 employees","2017","969"
"0400000US34","null","New Jersey","31-33","Manufacturing","null","220","Establishments operated entire year with 10 to 19 employees","2017","908"
"0400000US34","null","New Jersey","31-33","Manufacturing","null","225","Establishments operated entire year with 20 to 49 employees","2017","1101"
"0400000US34","null","New Jersey","31-33","Manufacturing","null","230","Establishments operated entire year with 50 to 99 employees","2017","529"
"0400000US34","null","New Jersey","31-33","Manufacturing","null","235","Establishments operated entire year with 100 to 249 employees","2017","352"
"0400000US34","null","New Jersey","31-33","Manufacturing","null","240","Establishments operated entire year with 250 employees or more","2017","128"
"0400000US34","null","New Jersey","31-33","Manufacturing","null","500","Establishments not operated for the entire year","2017","80"
"0400000US35","null","New Mexico","31-33","Manufacturing","null","001","All establishments","2017","1332"
"0400000US35","null","New Mexico","31-33","Manufacturing","null","100","Establishments operated for the entire year","2017","1310"
"0400000US35","null","New Mexico","31-33","Manufacturing","null","210","Establishments operated entire year with less than 5 employees","2017","709"
"0400000US35","null","New Mexico","31-33","Manufacturing","null","215","Establishments operated entire year with 5 to 9 employees","2017","209"
"0400000US35","null","New Mexico","31-33","Manufacturing","null","220","Establishments operated entire year with 10 to 19 employees","2017","174"
"0400000US35","null","New Mexico","31-33","Manufacturing","null","225","Establishments operated entire year with 20 to 49 employees","2017","135"
"0400000US35","null","New Mexico","31-33","Manufacturing","null","230","Establishments operated entire year with 50 to 99 employees","2017","39"
"0400000US35","null","New Mexico","31-33","Manufacturing","null","235","Establishments operated entire year with 100 to 249 employees","2017","29"
"0400000US35","null","New Mexico","31-33","Manufacturing","null","240","Establishments operated entire year with 250 employees or more","2017","15"
"0400000US35","null","New Mexico","31-33","Manufacturing","null","500","Establishments not operated for the entire year","2017","22"
"0400000US36","null","New York","31-33","Manufacturing","null","001","All establishments","2017","15499"
"0400000US36","null","New York","31-33","Manufacturing","null","100","Establishments operated for the entire year","2017","15358"
"0400000US36","null","New York","31-33","Manufacturing","null","210","Establishments operated entire year with less than 5 employees","2017","8052"
"0400000US36","null","New York","31-33","Manufacturing","null","215","Establishments operated entire year with 5 to 9 employees","2017","1878"
"0400000US36","null","New York","31-33","Manufacturing","null","220","Establishments operated entire year with 10 to 19 employees","2017","1816"
"0400000US36","null","New York","31-33","Manufacturing","null","225","Establishments operated entire year with 20 to 49 employees","2017","1893"
"0400000US36","null","New York","31-33","Manufacturing","null","230","Establishments operated entire year with 50 to 99 employees","2017","859"
"0400000US36","null","New York","31-33","Manufacturing","null","235","Establishments operated entire year with 100 to 249 employees","2017","569"
"0400000US36","null","New York","31-33","Manufacturing","null","240","Establishments operated entire year with 250 employees or more","2017","291"
"0400000US36","null","New York","31-33","Manufacturing","null","500","Establishments not operated for the entire year","2017","141"
"0400000US37","null","North Carolina","31-33","Manufacturing","null","001","All establishments","2017","8834"
"0400000US37","null","North Carolina","31-33","Manufacturing","null","100","Establishments operated for the entire year","2017","8745"
"0400000US37","null","North Carolina","31-33","Manufacturing","null","210","Establishments operated entire year with less than 5 employees","2017","3774"
"0400000US37","null","North Carolina","31-33","Manufacturing","null","215","Establishments operated entire year with 5 to 9 employees","2017","1027"
"0400000US37","null","North Carolina","31-33","Manufacturing","null","220","Establishments operated entire year with 10 to 19 employees","2017","1012"
"0400000US37","null","North Carolina","31-33","Manufacturing","null","225","Establishments operated entire year with 20 to 49 employees","2017","1231"
"0400000US37","null","North Carolina","31-33","Manufacturing","null","230","Establishments operated entire year with 50 to 99 employees","2017","725"
"0400000US37","null","North Carolina","31-33","Manufacturing","null","235","Establishments operated entire year with 100 to 249 employees","2017","625"
"0400000US37","null","North Carolina","31-33","Manufacturing","null","240","Establishments operated entire year with 250 employees or more","2017","351"
"0400000US37","null","North Carolina","31-33","Manufacturing","null","500","Establishments not operated for the entire year","2017","89"
"0400000US38","null","North Dakota","31-33","Manufacturing","null","001","All establishments","2017","701"
"0400000US38","null","North Dakota","31-33","Manufacturing","null","100","Establishments operated for the entire year","2017","694"
"0400000US38","null","North Dakota","31-33","Manufacturing","null","210","Establishments operated entire year with less than 5 employees","2017","306"
"0400000US38","null","North Dakota","31-33","Manufacturing","null","215","Establishments operated entire year with 5 to 9 employees","2017","84"
"0400000US38","null","North Dakota","31-33","Manufacturing","null","220","Establishments operated entire year with 10 to 19 employees","2017","113"
"0400000US38","null","North Dakota","31-33","Manufacturing","null","225","Establishments operated entire year with 20 to 49 employees","2017","90"
"0400000US38","null","North Dakota","31-33","Manufacturing","null","230","Establishments operated entire year with 50 to 99 employees","2017","43"
"0400000US38","null","North Dakota","31-33","Manufacturing","null","235","Establishments operated entire year with 100 to 249 employees","2017","43"
"0400000US38","null","North Dakota","31-33","Manufacturing","null","240","Establishments operated entire year with 250 employees or more","2017","15"
"0400000US38","null","North Dakota","31-33","Manufacturing","null","500","Establishments not operated for the entire year","2017","7"
"0400000US39","null","Ohio","31-33","Manufacturing","null","001","All establishments","2017","13922"
"0400000US39","null","Ohio","31-33","Manufacturing","null","100","Establishments operated for the entire year","2017","13784"
"0400000US39","null","Ohio","31-33","Manufacturing","null","210","Establishments operated entire year with less than 5 employees","2017","5243"
"0400000US39","null","Ohio","31-33","Manufacturing","null","215","Establishments operated entire year with 5 to 9 employees","2017","1678"
"0400000US39","null","Ohio","31-33","Manufacturing","null","220","Establishments operated entire year with 10 to 19 employees","2017","1891"
"0400000US39","null","Ohio","31-33","Manufacturing","null","225","Establishments operated entire year with 20 to 49 employees","2017","2247"
"0400000US39","null","Ohio","31-33","Manufacturing","null","230","Establishments operated entire year with 50 to 99 employees","2017","1248"
"0400000US39","null","Ohio","31-33","Manufacturing","null","235","Establishments operated entire year with 100 to 249 employees","2017","976"
"0400000US39","null","Ohio","31-33","Manufacturing","null","240","Establishments operated entire year with 250 employees or more","2017","501"
"0400000US39","null","Ohio","31-33","Manufacturing","null","500","Establishments not operated for the entire year","2017","138"
"0400000US40","null","Oklahoma","31-33","Manufacturing","null","001","All establishments","2017","3376"
"0400000US40","null","Oklahoma","31-33","Manufacturing","null","100","Establishments operated for the entire year","2017","3342"
"0400000US40","null","Oklahoma","31-33","Manufacturing","null","210","Establishments operated entire year with less than 5 employees","2017","1486"
"0400000US40","null","Oklahoma","31-33","Manufacturing","null","215","Establishments operated entire year with 5 to 9 employees","2017","442"
"0400000US40","null","Oklahoma","31-33","Manufacturing","null","220","Establishments operated entire year with 10 to 19 employees","2017","464"
"0400000US40","null","Oklahoma","31-33","Manufacturing","null","225","Establishments operated entire year with 20 to 49 employees","2017","456"
"0400000US40","null","Oklahoma","31-33","Manufacturing","null","230","Establishments operated entire year with 50 to 99 employees","2017","223"
"0400000US40","null","Oklahoma","31-33","Manufacturing","null","235","Establishments operated entire year with 100 to 249 employees","2017","174"
"0400000US40","null","Oklahoma","31-33","Manufacturing","null","240","Establishments operated entire year with 250 employees or more","2017","97"
"0400000US40","null","Oklahoma","31-33","Manufacturing","null","500","Establishments not operated for the entire year","2017","34"
"0400000US41","null","Oregon","31-33","Manufacturing","null","001","All establishments","2017","5557"
"0400000US41","null","Oregon","31-33","Manufacturing","null","100","Establishments operated for the entire year","2017","5499"
"0400000US41","null","Oregon","31-33","Manufacturing","null","210","Establishments operated entire year with less than 5 employees","2017","2796"
"0400000US41","null","Oregon","31-33","Manufacturing","null","215","Establishments operated entire year with 5 to 9 employees","2017","648"
"0400000US41","null","Oregon","31-33","Manufacturing","null","220","Establishments operated entire year with 10 to 19 employees","2017","660"
"0400000US41","null","Oregon","31-33","Manufacturing","null","225","Establishments operated entire year with 20 to 49 employees","2017","694"
"0400000US41","null","Oregon","31-33","Manufacturing","null","230","Establishments operated entire year with 50 to 99 employees","2017","321"
"0400000US41","null","Oregon","31-33","Manufacturing","null","235","Establishments operated entire year with 100 to 249 employees","2017","267"
"0400000US41","null","Oregon","31-33","Manufacturing","null","240","Establishments operated entire year with 250 employees or more","2017","113"
"0400000US41","null","Oregon","31-33","Manufacturing","null","500","Establishments not operated for the entire year","2017","58"
"0400000US42","null","Pennsylvania","31-33","Manufacturing","null","001","All establishments","2017","13537"
"0400000US42","null","Pennsylvania","31-33","Manufacturing","null","100","Establishments operated for the entire year","2017","13391"
"0400000US42","null","Pennsylvania","31-33","Manufacturing","null","210","Establishments operated entire year with less than 5 employees","2017","5537"
"0400000US42","null","Pennsylvania","31-33","Manufacturing","null","215","Establishments operated entire year with 5 to 9 employees","2017","1624"
"0400000US42","null","Pennsylvania","31-33","Manufacturing","null","220","Establishments operated entire year with 10 to 19 employees","2017","1818"
"0400000US42","null","Pennsylvania","31-33","Manufacturing","null","225","Establishments operated entire year with 20 to 49 employees","2017","2071"
"0400000US42","null","Pennsylvania","31-33","Manufacturing","null","230","Establishments operated entire year with 50 to 99 employees","2017","1071"
"0400000US42","null","Pennsylvania","31-33","Manufacturing","null","235","Establishments operated entire year with 100 to 249 employees","2017","876"
"0400000US42","null","Pennsylvania","31-33","Manufacturing","null","240","Establishments operated entire year with 250 employees or more","2017","394"
"0400000US42","null","Pennsylvania","31-33","Manufacturing","null","500","Establishments not operated for the entire year","2017","146"
"0400000US44","null","Rhode Island","31-33","Manufacturing","null","001","All establishments","2017","1340"
"0400000US44","null","Rhode Island","31-33","Manufacturing","null","100","Establishments operated for the entire year","2017","1328"
"0400000US44","null","Rhode Island","31-33","Manufacturing","null","210","Establishments operated entire year with less than 5 employees","2017","587"
"0400000US44","null","Rhode Island","31-33","Manufacturing","null","215","Establishments operated entire year with 5 to 9 employees","2017","177"
"0400000US44","null","Rhode Island","31-33","Manufacturing","null","220","Establishments operated entire year with 10 to 19 employees","2017","185"
"0400000US44","null","Rhode Island","31-33","Manufacturing","null","225","Establishments operated entire year with 20 to 49 employees","2017","209"
"0400000US44","null","Rhode Island","31-33","Manufacturing","null","230","Establishments operated entire year with 50 to 99 employees","2017","96"
"0400000US44","null","Rhode Island","31-33","Manufacturing","null","235","Establishments operated entire year with 100 to 249 employees","2017","53"
"0400000US44","null","Rhode Island","31-33","Manufacturing","null","240","Establishments operated entire year with 250 employees or more","2017","21"
"0400000US44","null","Rhode Island","31-33","Manufacturing","null","500","Establishments not operated for the entire year","2017","12"
"0400000US45","null","South Carolina","31-33","Manufacturing","null","001","All establishments","2017","3827"
"0400000US45","null","South Carolina","31-33","Manufacturing","null","100","Establishments operated for the entire year","2017","3791"
"0400000US45","null","South Carolina","31-33","Manufacturing","null","210","Establishments operated entire year with less than 5 employees","2017","1437"
"0400000US45","null","South Carolina","31-33","Manufacturing","null","215","Establishments operated entire year with 5 to 9 employees","2017","425"
"0400000US45","null","South Carolina","31-33","Manufacturing","null","220","Establishments operated entire year with 10 to 19 employees","2017","523"
"0400000US45","null","South Carolina","31-33","Manufacturing","null","225","Establishments operated entire year with 20 to 49 employees","2017","570"
"0400000US45","null","South Carolina","31-33","Manufacturing","null","230","Establishments operated entire year with 50 to 99 employees","2017","313"
"0400000US45","null","South Carolina","31-33","Manufacturing","null","235","Establishments operated entire year with 100 to 249 employees","2017","331"
"0400000US45","null","South Carolina","31-33","Manufacturing","null","240","Establishments operated entire year with 250 employees or more","2017","192"
"0400000US45","null","South Carolina","31-33","Manufacturing","null","500","Establishments not operated for the entire year","2017","36"
"0400000US46","null","South Dakota","31-33","Manufacturing","null","001","All establishments","2017","1051"
"0400000US46","null","South Dakota","31-33","Manufacturing","null","100","Establishments operated for the entire year","2017","1043"
"0400000US46","null","South Dakota","31-33","Manufacturing","null","210","Establishments operated entire year with less than 5 employees","2017","480"
"0400000US46","null","South Dakota","31-33","Manufacturing","null","215","Establishments operated entire year with 5 to 9 employees","2017","131"
"0400000US46","null","South Dakota","31-33","Manufacturing","null","220","Establishments operated entire year with 10 to 19 employees","2017","130"
"0400000US46","null","South Dakota","31-33","Manufacturing","null","225","Establishments operated entire year with 20 to 49 employees","2017","132"
"0400000US46","null","South Dakota","31-33","Manufacturing","null","230","Establishments operated entire year with 50 to 99 employees","2017","80"
"0400000US46","null","South Dakota","31-33","Manufacturing","null","235","Establishments operated entire year with 100 to 249 employees","2017","54"
"0400000US46","null","South Dakota","31-33","Manufacturing","null","240","Establishments operated entire year with 250 employees or more","2017","36"
"0400000US46","null","South Dakota","31-33","Manufacturing","null","500","Establishments not operated for the entire year","2017","8"
"0400000US47","null","Tennessee","31-33","Manufacturing","null","001","All establishments","2017","5811"
"0400000US47","null","Tennessee","31-33","Manufacturing","null","100","Establishments operated for the entire year","2017","5746"
"0400000US47","null","Tennessee","31-33","Manufacturing","null","210","Establishments operated entire year with less than 5 employees","2017","2372"
"0400000US47","null","Tennessee","31-33","Manufacturing","null","215","Establishments operated entire year with 5 to 9 employees","2017","661"
"0400000US47","null","Tennessee","31-33","Manufacturing","null","220","Establishments operated entire year with 10 to 19 employees","2017","715"
"0400000US47","null","Tennessee","31-33","Manufacturing","null","225","Establishments operated entire year with 20 to 49 employees","2017","816"
"0400000US47","null","Tennessee","31-33","Manufacturing","null","230","Establishments operated entire year with 50 to 99 employees","2017","461"
"0400000US47","null","Tennessee","31-33","Manufacturing","null","235","Establishments operated entire year with 100 to 249 employees","2017","440"
"0400000US47","null","Tennessee","31-33","Manufacturing","null","240","Establishments operated entire year with 250 employees or more","2017","281"
"0400000US47","null","Tennessee","31-33","Manufacturing","null","500","Establishments not operated for the entire year","2017","65"
"0400000US48","null","Texas","31-33","Manufacturing","null","001","All establishments","2017","19844"
"0400000US48","null","Texas","31-33","Manufacturing","null","100","Establishments operated for the entire year","2017","19666"
"0400000US48","null","Texas","31-33","Manufacturing","null","210","Establishments operated entire year with less than 5 employees","2017","8738"
"0400000US48","null","Texas","31-33","Manufacturing","null","215","Establishments operated entire year with 5 to 9 employees","2017","2527"
"0400000US48","null","Texas","31-33","Manufacturing","null","220","Establishments operated entire year with 10 to 19 employees","2017","2493"
"0400000US48","null","Texas","31-33","Manufacturing","null","225","Establishments operated entire year with 20 to 49 employees","2017","2942"
"0400000US48","null","Texas","31-33","Manufacturing","null","230","Establishments operated entire year with 50 to 99 employees","2017","1369"
"0400000US48","null","Texas","31-33","Manufacturing","null","235","Establishments operated entire year with 100 to 249 employees","2017","1079"
"0400000US48","null","Texas","31-33","Manufacturing","null","240","Establishments operated entire year with 250 employees or more","2017","518"
"0400000US48","null","Texas","31-33","Manufacturing","null","500","Establishments not operated for the entire year","2017","178"
"0400000US49","null","Utah","31-33","Manufacturing","null","001","All establishments","2017","3377"
"0400000US49","null","Utah","31-33","Manufacturing","null","100","Establishments operated for the entire year","2017","3345"
"0400000US49","null","Utah","31-33","Manufacturing","null","210","Establishments operated entire year with less than 5 employees","2017","1632"
"0400000US49","null","Utah","31-33","Manufacturing","null","215","Establishments operated entire year with 5 to 9 employees","2017","422"
"0400000US49","null","Utah","31-33","Manufacturing","null","220","Establishments operated entire year with 10 to 19 employees","2017","429"
"0400000US49","null","Utah","31-33","Manufacturing","null","225","Establishments operated entire year with 20 to 49 employees","2017","423"
"0400000US49","null","Utah","31-33","Manufacturing","null","230","Establishments operated entire year with 50 to 99 employees","2017","201"
"0400000US49","null","Utah","31-33","Manufacturing","null","235","Establishments operated entire year with 100 to 249 employees","2017","143"
"0400000US49","null","Utah","31-33","Manufacturing","null","240","Establishments operated entire year with 250 employees or more","2017","95"
"0400000US49","null","Utah","31-33","Manufacturing","null","500","Establishments not operated for the entire year","2017","32"
"0400000US50","null","Vermont","31-33","Manufacturing","null","001","All establishments","2017","1033"
"0400000US50","null","Vermont","31-33","Manufacturing","null","100","Establishments operated for the entire year","2017","1020"
"0400000US50","null","Vermont","31-33","Manufacturing","null","210","Establishments operated entire year with less than 5 employees","2017","525"
"0400000US50","null","Vermont","31-33","Manufacturing","null","215","Establishments operated entire year with 5 to 9 employees","2017","130"
"0400000US50","null","Vermont","31-33","Manufacturing","null","220","Establishments operated entire year with 10 to 19 employees","2017","113"
"0400000US50","null","Vermont","31-33","Manufacturing","null","225","Establishments operated entire year with 20 to 49 employees","2017","127"
"0400000US50","null","Vermont","31-33","Manufacturing","null","230","Establishments operated entire year with 50 to 99 employees","2017","59"
"0400000US50","null","Vermont","31-33","Manufacturing","null","235","Establishments operated entire year with 100 to 249 employees","2017","49"
"0400000US50","null","Vermont","31-33","Manufacturing","null","240","Establishments operated entire year with 250 employees or more","2017","17"
"0400000US50","null","Vermont","31-33","Manufacturing","null","500","Establishments not operated for the entire year","2017","13"
"0400000US51","null","Virginia","31-33","Manufacturing","null","001","All establishments","2017","5038"
"0400000US51","null","Virginia","31-33","Manufacturing","null","100","Establishments operated for the entire year","2017","4982"
"0400000US51","null","Virginia","31-33","Manufacturing","null","210","Establishments operated entire year with less than 5 employees","2017","2235"
"0400000US51","null","Virginia","31-33","Manufacturing","null","215","Establishments operated entire year with 5 to 9 employees","2017","646"
"0400000US51","null","Virginia","31-33","Manufacturing","null","220","Establishments operated entire year with 10 to 19 employees","2017","626"
"0400000US51","null","Virginia","31-33","Manufacturing","null","225","Establishments operated entire year with 20 to 49 employees","2017","691"
"0400000US51","null","Virginia","31-33","Manufacturing","null","230","Establishments operated entire year with 50 to 99 employees","2017","322"
"0400000US51","null","Virginia","31-33","Manufacturing","null","235","Establishments operated entire year with 100 to 249 employees","2017","269"
"0400000US51","null","Virginia","31-33","Manufacturing","null","240","Establishments operated entire year with 250 employees or more","2017","193"
"0400000US51","null","Virginia","31-33","Manufacturing","null","500","Establishments not operated for the entire year","2017","56"
"0400000US53","null","Washington","31-33","Manufacturing","null","001","All establishments","2017","7017"
"0400000US53","null","Washington","31-33","Manufacturing","null","100","Establishments operated for the entire year","2017","6933"
"0400000US53","null","Washington","31-33","Manufacturing","null","210","Establishments operated entire year with less than 5 employees","2017","3381"
"0400000US53","null","Washington","31-33","Manufacturing","null","215","Establishments operated entire year with 5 to 9 employees","2017","893"
"0400000US53","null","Washington","31-33","Manufacturing","null","220","Establishments operated entire year with 10 to 19 employees","2017","876"
"0400000US53","null","Washington","31-33","Manufacturing","null","225","Establishments operated entire year with 20 to 49 employees","2017","844"
"0400000US53","null","Washington","31-33","Manufacturing","null","230","Establishments operated entire year with 50 to 99 employees","2017","458"
"0400000US53","null","Washington","31-33","Manufacturing","null","235","Establishments operated entire year with 100 to 249 employees","2017","331"
"0400000US53","null","Washington","31-33","Manufacturing","null","240","Establishments operated entire year with 250 employees or more","2017","150"
"0400000US53","null","Washington","31-33","Manufacturing","null","500","Establishments not operated for the entire year","2017","84"
"0400000US54","null","West Virginia","31-33","Manufacturing","null","001","All establishments","2017","1142"
"0400000US54","null","West Virginia","31-33","Manufacturing","null","100","Establishments operated for the entire year","2017","1119"
"0400000US54","null","West Virginia","31-33","Manufacturing","null","210","Establishments operated entire year with less than 5 employees","2017","469"
"0400000US54","null","West Virginia","31-33","Manufacturing","null","215","Establishments operated entire year with 5 to 9 employees","2017","146"
"0400000US54","null","West Virginia","31-33","Manufacturing","null","220","Establishments operated entire year with 10 to 19 employees","2017","149"
"0400000US54","null","West Virginia","31-33","Manufacturing","null","225","Establishments operated entire year with 20 to 49 employees","2017","170"
"0400000US54","null","West Virginia","31-33","Manufacturing","null","230","Establishments operated entire year with 50 to 99 employees","2017","89"
"0400000US54","null","West Virginia","31-33","Manufacturing","null","235","Establishments operated entire year with 100 to 249 employees","2017","65"
"0400000US54","null","West Virginia","31-33","Manufacturing","null","240","Establishments operated entire year with 250 employees or more","2017","31"
"0400000US54","null","West Virginia","31-33","Manufacturing","null","500","Establishments not operated for the entire year","2017","23"
"0400000US55","null","Wisconsin","31-33","Manufacturing","null","001","All establishments","2017","8837"
"0400000US55","null","Wisconsin","31-33","Manufacturing","null","100","Establishments operated for the entire year","2017","8726"
"0400000US55","null","Wisconsin","31-33","Manufacturing","null","210","Establishments operated entire year with less than 5 employees","2017","3166"
"0400000US55","null","Wisconsin","31-33","Manufacturing","null","215","Establishments operated entire year with 5 to 9 employees","2017","1017"
"0400000US55","null","Wisconsin","31-33","Manufacturing","null","220","Establishments operated entire year with 10 to 19 employees","2017","1086"
"0400000US55","null","Wisconsin","31-33","Manufacturing","null","225","Establishments operated entire year with 20 to 49 employees","2017","1452"
"0400000US55","null","Wisconsin","31-33","Manufacturing","null","230","Establishments operated entire year with 50 to 99 employees","2017","869"
"0400000US55","null","Wisconsin","31-33","Manufacturing","null","235","Establishments operated entire year with 100 to 249 employees","2017","763"
"0400000US55","null","Wisconsin","31-33","Manufacturing","null","240","Establishments operated entire year with 250 employees or more","2017","373"
"0400000US55","null","Wisconsin","31-33","Manufacturing","null","500","Establishments not operated for the entire year","2017","111"
"0400000US56","null","Wyoming","31-33","Manufacturing","null","001","All establishments","2017","581"
"0400000US56","null","Wyoming","31-33","Manufacturing","null","100","Establishments operated for the entire year","2017","570"
"0400000US56","null","Wyoming","31-33","Manufacturing","null","210","Establishments operated entire year with less than 5 employees","2017","323"
"0400000US56","null","Wyoming","31-33","Manufacturing","null","215","Establishments operated entire year with 5 to 9 employees","2017","100"
"0400000US56","null","Wyoming","31-33","Manufacturing","null","220","Establishments operated entire year with 10 to 19 employees","2017","61"
"0400000US56","null","Wyoming","31-33","Manufacturing","null","225","Establishments operated entire year with 20 to 49 employees","2017","51"
"0400000US56","null","Wyoming","31-33","Manufacturing","null","230","Establishments operated entire year with 50 to 99 employees","2017","14"
"0400000US56","null","Wyoming","31-33","Manufacturing","null","235","Establishments operated entire year with 100 to 249 employees","2017","17"
"0400000US56","null","Wyoming","31-33","Manufacturing","null","240","Establishments operated entire year with 250 employees or more","2017","4"
"0400000US56","null","Wyoming","31-33","Manufacturing","null","500","Establishments not operated for the entire year","2017","11"
"0100000US","null","United States","31-33","Manufacturing","null","001","All establishments","2017","291586"
"0100000US","null","United States","31-33","Manufacturing","null","100","Establishments operated for the entire year","2017","288542"
"0100000US","null","United States","31-33","Manufacturing","null","210","Establishments operated entire year with less than 5 employees","2017","129972"
"0100000US","null","United States","31-33","Manufacturing","null","215","Establishments operated entire year with 5 to 9 employees","2017","36315"
"0100000US","null","United States","31-33","Manufacturing","null","220","Establishments operated entire year with 10 to 19 employees","2017","36495"
"0100000US","null","United States","31-33","Manufacturing","null","225","Establishments operated entire year with 20 to 49 employees","2017","40237"
"0100000US","null","United States","31-33","Manufacturing","null","230","Establishments operated entire year with 50 to 99 employees","2017","20595"
"0100000US","null","United States","31-33","Manufacturing","null","235","Establishments operated entire year with 100 to 249 employees","2017","16428"
"0100000US","null","United States","31-33","Manufacturing","null","240","Establishments operated entire year with 250 employees or more","2017","8500"
"0100000US","null","United States","31-33","Manufacturing","null","500","Establishments not operated for the entire year","2017","3044"
